oilhun,176.1247443762781
white2302,-7.482678845814659
jatinaggarwal1,156.85044872737973
xuanyi,148.06187766714083
run_timeterror,144.61926961926963
krismaz,-65.90190248228879
akash4983,54.03284185496758
dhirajfx3,111.96498019887588
sg1729,181.3063063063063
supersri_pro,74.6528457420587
nishant403,61.36876443384535
dario2994,111.74301029584798
zhouyuyang,-54.42938726367577
ltst,21.10946185902653
ryodan,-38.080561808305134
ivgechu,167.578125
acmonster,107.83367422530581
busamate,101.51580479930348
madhav_1999,153.91852094240838
d_en_ominator,160.53734061930783
llaki10,53.15700234606209
dextrous,130.20194151337353
carre,60.30028510798008
adityam93,112.93787691320632
lboris,32.80027637386693
aryan_2002,172.225935828877
bluedawnstar,63.258581632945564
aakash140799,111.26657260092607
crathva,166.75983436853002
gaddopur,110.17071555068046
kalptaru_123,50.34131273264516
vulpes,171.16090146750525
atharva_15,144.3786344900875
ggawryal,95.53957189788753
peti25,23.630817631458452
zhongzihao,175.64499943564445
jyf111,106.41299416723805
john_smith_3,130.21182928377087
not_abhishek,91.87732310860268
mr_nastik,92.65360907853564
rahulmysuru7,86.93280027461641
hp1999,149.71397597287057
vaibhavch1006,127.14206548260013
ctlin04,9.937214969331183
vok_8,119.56135067768261
anript,146.45009432571462
azukun,81.06357937071338
mateocv,-3.842904040259529
harshkumar01,152.3535568006577
divyankgoyal,128.85493873708197
retawb,24.431191035459605
kira_1234,85.87783528923516
procrastinate7,146.10831091882136
jaydeep999997,92.2264749575835
shikhar7s,62.3832476986125
nima101,125.36415539244797
sansaqua,-1.6736275633085143
k_k_s,169.3181818181818
jt_112,84.09085688528616
holmes_7,86.24002368547045
pwild,-44.841274008584605
sanroylozan,60.630329503155295
black_shroud,135.51739464322551
atomicenergy,-24.711180608095926
munch_01,77.37442146624569
sarthack,162.0193777125741
harshakunchala,85.01477618844666
itachi___,86.3277287331636
true_friends,150.6492057011416
amansonkar,160.55749563482163
imxlr8,37.95993421705139
akee,-136.5549314850223
mysteryname,-12.160605165403785
cold5r,132.79449929904413
gigaliths,99.51837258141099
falcon_7,47.02268190608982
ankit_iit,24.279269222170303
fierro_oxidado,14.039935062728128
dhruvil_s_16,38.8098359190852
rushi11111,114.62410870852416
siddhugzp,14.7370932799537
harshkrraj,123.51063595311645
harsh_kumar99,51.59433220706019
pvimal816,81.48306729812609
fadhilmusaad,145.7207624402537
james42,109.42199307769057
physics0523,-49.69658080558166
kushagraban603,145.31829773277548
sunil5798,133.112811880837
monsterrr,39.74572112260923
chaos_,67.05903362483961
pankajsharma1,89.92841546483866
raushan303,59.41923837277205
vin_ar,80.05442764371392
mexomerf,105.24615222076537
bansalraghav19,70.76298552699686
saurav_1234321,52.06688743950683
durgesh077,64.83450647966208
sed_123,108.76847545353245
jay_1048576,101.4739128559865
biochem,118.84682923712437
punchit,60.39680964970017
vegann,-89.40418930258062
gupta_adarsh,69.55318690552424
navjeet0,115.61080344524032
sainiprateek37,71.91603496080597
kai977,85.487139800297
geometrix_123,95.16282528699958
codebuster_10,53.980566163414025
asgarj,106.86326820257732
babusai_123,112.97505124882026
rizimore,103.33286119139136
chenreddy,80.45193783849547
shrey_harry,71.58620024908787
notsoloud,111.15356884091275
sftperson,-55.61539811961311
hruday968,106.12772605416836
conan_0,-14.10430233083531
pedastrian_57,80.62315276283387
mmartowicz,55.42005386990463
parth_2_0,97.73900461465865
gaurav2,52.38384556559143
puneet_goel,51.270147111017856
attrighosal,104.77464016036471
mystic_ankush,94.32883935606482
bharatgoyal06,108.56520716793257
mehul_23,118.7217711775236
depressed_code,93.38973395079347
tamo11,74.61608999112565
djm_boss,123.45832610680327
pcs007,108.97409380992387
ashutosh1229,98.05431729700672
nirjhor,-82.51830993274004
pranchal_agr,107.00482277253656
h_squared,121.45458474773808
chetanya19,124.81268545288917
dimp_af,117.411133216178
nitesh202020,104.57966061437206
ripac,101.80948401407396
thelethalcode,14.851405285670543
gauravtailor_7,106.02482042417087
sriritwik3,100.63528371911498
nubcodernsit,97.97416053092913
jyoti369,103.76424275648222
alpha_022,86.10693624467243
jporwal09,74.5859621159749
aert,56.90874132018924
hy15,101.04956895007345
srishtik_1611,108.6665779889495
machone,112.33824876961178
mehtaji,37.10713126323498
atulrath8770,104.39949040913436
davi_bart,-47.36076870017758
lucsturci,-41.20050340375147
shubhamiitbh,111.24801517232062
aakash_7508,108.29582167080886
kk2_agnihotri,91.42424725779404
ashu230899,77.78923369522886
kunj017,-13.559175694529813
lost_boy2001,112.99654382187809
shoom,6.337999429140104
jscode,108.4368030946511
nihal77,62.535637451331034
devadon2020,81.34253661836415
dharsan_r,109.7627738865225
roy_naman,111.465293345279
quartermelon,102.54379407261837
ritvik_369,63.77827276475258
darkknight_77,35.564864148770624
chiragagrawalc,43.62366310000603
bhavyarustgi10,72.41355871770742
r7rohan,71.06090252021387
yogahmad27,-138.40224737073618
angad11121,13.31162837320896
tmatheena,20.714559567130102
eon_c,64.64446723862682
hareesh29,62.599304388302016
divyansh_io,56.880571026093214
gigawhiz,75.91342599618099
r_ajan,98.12036198571208
manujg,100.65621450843688
codechef1962,103.78332885546462
pushkar2700,87.44693342117128
avi_21,76.88363757773378
starksid,88.3211127445476
swapnilkishore,80.57847658507691
sai_teja02,39.58863779689399
arijit02,91.42919330313738
goodguru,79.94159194838278
uak2,69.00529888078286
shrey971,55.7476275502277
echo_abhinav,87.06522341346727
saitillu25,43.54650788456836
blackBird,47.436524707333255
rishisethia,61.70352987715541
satvikb,63.00415342080157
ajeeb,99.40992396207182
akash_1110,101.52053635619183
dwarkmatter,-74.426992093598
ankiisnap,97.59059386626625
vitaha,14.36760257273788
sarthakj1619,57.220608121302725
sh4nk_y,83.66166205707609
sirearsh,64.68983015965799
sumitskj,50.24835894755214
seva_b,17.873864069726533
satin1004,46.182420970996795
kunal9724_kg,96.77193294349404
tmabby,90.60820612252951
f20180147,27.483945985211747
vaib077,42.75358259620607
racsosabe,27.113191889392972
nam_29,82.86891385959726
nikhil142,75.26366326091463
devakarthik,90.0890200782535
sreekar_vss,87.41327198357423
pubg_coder,51.617406294806976
hrt99,77.08082652934559
abhishek4981,93.30381973080196
coderoo,83.55078477749501
rupeswar,59.66509463757107
shubham_andro,48.8795492176243
ishaanahuja101,75.69151778749175
ahm001,18.719043211106378
nasty_dick,89.32435036429494
daxterous,81.83536625797204
shyam_babaji,41.38984622451687
aayush_soni98,84.68908449152862
ajith_007,83.76740815274825
casebasher_91,82.38932239098459
deeptaneel_222,65.4554970481752
hiranmoy70,60.773860512845715
anubhav2512,-42.87401582779676
uhateme,10.156579529505379
reborn_chris,60.31750262426817
sudipandatta,9.29674725757167
atkurianeesh17,49.8940467067887
rohitpratap311,34.18236810071414
legend_is_born,80.6372812463257
sherwin_2000,56.17731181506034
ritick,-87.95973998183405
yogi79,78.37931240460414
srutarshi_06,64.9272553394798
meet2mky,31.338518266107034
pallove_227,86.11455902069187
snitin315,53.08583961621124
vinaykumar2101,59.470851740197595
sidhant_jain,56.626980979215816
godparticle_17,39.83697236648912
sauraviiitp,57.74979440991817
gore26,54.9104644292577
nightmare05,-132.97665112227332
bobby1360,48.99768102934368
tomato_liu,72.7566896155264
aayush_7499,73.31329444264
sayan_maity,73.9417254055369
rakshi_20,51.19074701821376
navdeep_15,78.06071332529127
atish508,80.95659090871978
topsykrates,30.26446895629314
ayush1017,43.86401821016424
rajath_pai,61.71971459044256
mihaibunget,-63.39646353960714
rajath_pi,53.58526350618462
sakhiya07,-2.9947473444240345
m_shreyansh,28.894638018794197
ashu12_chi,-22.961752420053145
tiasmondal,54.651415961913656
aksh_idi1,57.70343143969224
soham_mittal,25.26591081558809
shyamal1312,42.416548006708354
hitch_hiker42,-39.74923746334106
bijender123,79.09725946488497
sarthakbh321,46.755755503575784
akshaykumar01,-34.70769030876417
alex3er,-14.201858982326815
yougaindra,40.797967645420165
ankur0_o,66.65392857280862
aniket008,68.6909154584169
skrox,68.15875453191637
light301,66.02529641500826
vaibhav2303,-10.807208144420665
raynor30,60.52665351767064
bansals888,-30.63434327028229
hello_jarvis,-1.0602843437508842
kasparovian,18.92368810361337
jfogh,70.6775915766295
sushant2001,76.17908067749397
phibrain,44.670218396282614
sarav_sikka,-1.9437527118913747
reddevil100,66.67969551485918
satty26,69.17870971428768
ankurkayal,63.03826009735928
udayan14,-59.853929614087534
parshwas,38.97581783825812
number_thief,43.08027999692307
tanishktonk,49.18085254476259
tyagivaibhav,33.81029015744064
pr_0202,34.967994462383984
aditya6836,53.28669068726653
peacefulcodder,7.052020344720752
yash_2523,23.208839460757304
ashis123,15.162238970367277
vishalnonsense,62.25630926723412
vedhant,-18.983184716196366
zankanotachi,60.31576820703766
tokiru,61.72751703015764
johny23,-6.120211552872426
amansharma1999,47.29745122313104
saurav_paul,54.084499018721225
sauravchandra1,-17.424350501185096
mayank57,42.89923672933832
awasthishubh,16.303829318890614
pvs2000,59.33646143268604
adikr_singh,-29.27452034537158
thantrongtri3,61.9208823968797
s59_60r,40.941681257824484
yb102000,64.58448243190601
nikhil256,53.758030075349424
arjun01,27.093231985785625
yash_0402,-11.055618572547475
kushagrapandey,42.76553981458943
joe2001,-1.1044166946554457
angerandmoney,-13.965573421828022
shu_2806,43.05859530311012
yash0119,40.504780650839734
ayushanand1,50.231967841423725
pichuskywars,55.37011269043887
rohitkv77,-29.229662718947196
jaigoyal1328,60.322760055334264
sanjeet01,0.010890354724545937
aibii350,49.233567036398775
topcoder1701,54.371226283576554
rajpurohitgsr,60.98316764383587
ritesh104,18.84772665975922
pikachan14,37.83722356323193
domnic,54.38818485409115
karry26,-27.54505692901865
i_need_sex,55.222314150167875
anime_for_life,44.53663617691627
amir,54.14476527281807
pawanagrawal,31.521977410014088
brc_dd,60.71713486415689
ejusque,54.9852142880153
whynotme,26.660218264650453
bnkalya1502,48.12850927915635
ac_941,54.90530944210307
dhruv788,49.4803438910416
div5252,14.33250801805443
aknov711,-0.45190316221338406
jdblasters002,58.908919842551036
dhruvumesh25,30.98148446887522
buzz_95,-51.78516628300954
nikhil982000,5.786509433057445
darkpsychic,59.661729199087404
rt24,43.25906084196003
wRabbits,31.807723969430455
avign,36.27207253897202
skabdurrahaman,60.11134637891068
lakshay0510,26.740364222773348
girinandan_07,52.71749301329006
anonym_chef,45.12616998165379
abhishek_1627,49.68485640141389
spartan08,35.48493001752358
aberent,17.393463270064924
rath772k,-37.44206482329861
ronnith,-20.03962906324951
aman1108,31.72271337995547
soumy_jain,42.14430805702014
preetham_7399,28.443282434908106
royal_sandhu,11.91016115308815
gagan2310,34.67890382731387
sharad122arse,14.730115730095699
owen_up,24.366101330066105
villash_992,51.88609946550236
iamaditya_098,4.743594089664016
saurabh_129,57.117685705023746
shah100,57.93854277822198
ritksedana,57.779137791563805
ritik31,47.40274122537866
kanstar_1,15.86699528128788
manishsharma__,23.692136689023865
meerut_ka_hoon,39.88718635086669
peculiarfellow,44.813952379952866
devesh08,39.04753210934173
shivam3007,9.8030191089966
jainbishay,32.57537647671591
ks3rr,-16.162516890508947
vishal2700,34.33636640621152
sharad4730,21.435868918777643
vishnu918790,14.92568015166954
killer_12,52.2379160569262
utkarsh1997,31.968786336975548
tejustiwari,34.95313398723686
sanskar_123,-33.52473607357661
ad_zer0,19.418655016712318
darshangohel,42.017534498489184
awasthiakshit1,43.71029473267463
boom786,33.326089063197806
shobhit10058,-6.8738152490288345
dyrroth,7.637034031113614
sanjay_thiru,-42.18385262593605
jo3kerr,24.763156823047883
shivam_vc,-9.763039891066066
balalm10,-16.36769634578434
rajathatr19,17.488324562682852
amiy2908,46.87692563249091
chayan1,18.9685607663952
nilayrajderkar,53.042562851471814
spandan_35,-17.51744186847896
sv_sannidhay,-6.375432742590042
archit2000,44.61081548637089
anshul129,33.349801224540286
ur_dad,25.22346779811129
stricker,22.176906426243814
nagulan_s,34.69482870367364
bbiswabasu,21.554931872674874
white_knight17,52.253900338198065
aditya460,35.01482095843928
sam12346578,4.9223086161646625
sid9812,34.31126982463421
prasann7777,39.35909976725228
mouryasatyam,45.65637922119821
byte_2,13.994589886125345
uchihaitachi21,49.11333005918432
sahaj_08,34.50573380160259
shuba400,-15.449526944882026
vaibhav0309,-0.2241986454691255
ashishdwi99,-2.5846632155976184
remagsaiprasad,27.46396900455628
coder_h,25.659749458684193
charigardash,41.92222436042853
free__electron,31.14868634959406
desi_yoddha,2.3535252202731716
vbhardwa2001,-12.783679016025342
harsh0911,12.605630014618303
moarvivek,28.888910943645694
ankur_jain9,43.73228555442046
raj038,-1.9130579569968458
praking_112,19.334781227088406
ayan123445,3.723084501856737
aayushprasad,28.89549312871214
yash_0311,30.69399798003318
ak2006,38.25945006032988
johnathan_wick,33.53509728203474
stray_horn,38.551412806634325
kabir786,3.2736972911278244
mlihua09,33.92587567425556
pranay1006,39.2791884436031
inferno_sloth,1.2462928127407251
askdfjlas,-6.107025883194796
codemaster7s,33.2432443094718
harshit_030,12.852945753828202
sudhanshu010,28.741927454735798
aaryan_007,38.792933264967104
md_junaid_13,33.55731020784547
sabkabaap007,37.7547304827228
sunny_17,39.96772359720069
nishit7,23.653835003394104
rishavgautam,38.42259114405248
bhagatsunny96,6.163468420430571
saurabh3004,29.949297822498565
dude_perfect5,20.461885040587607
moondancer,26.526763536319443
yami27,-36.89715737817807
pratiksunny,36.74244228366214
mypc,37.7697958583047
rish_9898,23.505859097327207
extasy,-115.98874056145397
awesome_shek,20.38389237510727
harivikneshs,39.943594855818965
frogcatcher,12.428871855220487
doncic,-16.13297095116817
iamvedant_vg,20.458822789922703
shivangbansal,42.53215467370746
codemaster_555,39.982379833756106
gafeol,-99.25585587090914
lordofthunder,30.107794437584186
kpdamania,28.70665335028024
anishray042,27.989932142836057
harshit_12_04,29.779989806551892
chivy_charm,-14.551652565243364
hoacrux,38.423503024032875
nipunsingla07,13.490413424021554
naman471,20.571224047633354
jaggu1999,29.535427448712337
bedo_sayed,19.205504867535993
kshitiz1,25.78486581821105
abhj,3.316402365219685
charan1310,29.69012951665191
manas_17,40.825084604839546
pulkit_mittal,26.08103857610713
pruthvisheuph,14.601658006594125
rajat4064,32.95963586623906
hblord787,31.54185447882146
ritik_0007,5.474873945075421
codingknight,34.32605884719954
rouge_coder,26.597236507144814
aanupam29,35.59567191486531
kabirkanha,37.310538715043684
heltion,-4.2717509266343425
sourabhkulhari,26.641577516818046
nalin999,30.60552952269572
sharma234,-4.375226794942038
chilledcow,30.36975508516223
alpha_q2,-6.4323507517322795
pahe,-38.93151464819385
ashikur_rahman,31.537953276490523
coderag,36.62851497205339
bwayne,11.509643192630953
almas_02,24.170697796224612
krish_88,24.317981059606765
jay_faldu20,12.557402626906986
amz42,12.682058145009657
ananthoju,37.51909456513334
darshancool25,29.35142751062907
shagun_089,20.128441832741693
abhinav2302,23.963065677200827
akhilsaini678,-17.98044868441736
yashjain1611,34.05437702848936
mubtasim91,12.027683382083108
nitin_kumar,21.728501567618082
limon_88,32.011325766021415
mk_joshi_27,22.75945758275479
imakshay_31,36.511467600641446
shashank_77,34.4530249573006
heisenberg170,30.690992064879968
mahade31,-9.027457345884576
udit50kalani,21.277963637937766
sgunti,25.116069701946678
error_707,36.59412910201262
mrsac7,12.620938831830912
preyam,10.057667974557374
smody,-9.5469631701111
abhi195,28.511408968005036
pranjulpal18,16.57165266455268
aura_05,25.93608570018463
prime_08,-26.300670854188724
msd_mst,31.439765961471164
bhavyashah12,11.966284538755671
yat_00,-112.78051534492037
hjindal,-6.213656364505765
jenil_2001,12.908437906968157
ganekasar,29.394570105986087
coder_anmol28,27.501563381201358
anirban_2000,27.373821141791968
ndatta,31.709854796789912
hello__world88,27.541106900643673
rebornplusplus,-102.13425507940318
robinjagal,-10.313050991083808
bhavik07,10.17143641847299
vinny_83,21.897672921340504
mayank_2016,28.02186192172541
deep_0926,5.105320273420362
pratikraut0000,24.724565164460607
rlukaku37,22.143730600114658
ayushman_25,30.45693909557897
kira_10801,18.732745515624778
kc04,8.770476303173963
shantanu689,-13.286265003045688
arghyadeep_cod,23.00422944608574
sm25official,13.746828475775363
anupriyaverma,24.59995499894871
tiwank,1.2015293059823329
master_sam,15.069771613956982
theptrocanfer,-17.291791916571807
pradyumnaym,30.624550789940383
subham_5401,24.410645373995848
sandeshjain13,-18.90299185445325
krhero,2.353917742688823
thestsaikat,23.263696235992867
amit_shah,-9.241576077899673
devil401,-8.281196920452366
raj107,15.319216875428108
amit789,26.629119936820935
nehajain123,-4.393543262081764
ashishgr1102,-16.64392578605558
vinay272001,13.479633030279782
mayankag_123,5.530326192648965
jareehd,-25.31700827017081
abhi270595,8.909600032283393
abhishek002002,21.422222260685682
smiley_,-6.406063038743243
vinitraj412,15.779177949842468
solo2309,19.014115082097
neeraj_sharma1,3.61579988438377
soumit_915,18.87816127951319
ankit_2305,-25.4603239417233
andhakanoon,11.063488924831281
utkrisht3108,3.0308061901599204
loud_mouth,-12.843987398005405
anish85,-5.528018150181782
ihateyouso,21.250152141059427
ashishvishal78,-1.5607612033187614
cyber_psych0,-8.16772480120737
n1kh1lsr1,24.849694437992568
not_chinu,23.408849108476055
nishant_1307,19.40318811747526
dbappa,11.562823441088675
under_score_07,24.93241895467737
flash_0408,1.1948572994154087
adi_7861,26.042964712708134
kumarmohit_28,18.97974191191255
mr_kb,4.3329835372666885
deadman_002,-3.9470817185567797
tarunmishra_19,26.788838525793285
khan_rahim19,-9.314132533860905
nikiitp18,7.336308399910877
no1coder,17.48802811250865
niloufer,23.526574905647596
vishaaaal,8.039076323232713
sprkgoyal,9.303494579976173
ibibhu123,-10.814779604164814
jaydeep_13,25.691875486566055
renascence,-27.701985889873143
rohith_v,26.360700077997183
ksawan456,21.302073714790104
pst10,-30.36356662663501
sudhu_1003,9.123858485418825
fellas,18.1862913843735
sri_srajit,5.039708694101922
krish_murarka,24.615527813006494
prerit2001,-2.4236466464500905
kunal__verma,10.952630963572597
uk96,-57.754020447662484
sarjain42,7.635567352534001
arushacked,13.231675436467393
open_sorcerer,10.986431633188943
tiger123456,21.274181809570575
mathusalen,-29.804710597219394
arpeggio0,-15.070708909953293
erdene,9.561896831966092
coder__31,23.083386936394888
takanori17h,2.3986348132209088
sumit_saraff,11.972476887635432
nilanjan2001,22.40103010685126
ashish_nhk,21.557016351319657
mish_rr_a,2.4148970769941847
binarywiza8d,2.8054556057864755
shivanshu97,-1.481553199569715
spectre900,-45.135453860427305
aayush0912,17.54495435800449
kush_901,-12.370840951967422
ishaan_007,10.575514247709835
gaurang2200,8.250898910840625
soumik9876,9.696605766743284
ashishjha005,7.416955527619593
pranavdeval,-29.08856508935222
hackhard2,9.743447932299304
adityaa30,-10.421629221384006
chitreshapte,7.779026879473304
vallabh43,10.981934899719707
shubhamamsa,19.46731737043474
mayankgagrwl,-41.76138114243496
ra_jatt,-16.875885964137964
gauhar_19,-37.59296730263498
dolesh,-22.28786725087279
luser2425,0.8522955315876366
riyansh16_,-15.3935345980135
shreyanshjoshi,5.50833171448248
ary1733,-17.976135908434408
enigma20,5.282353535525217
mridulch,-5.2218742096967805
shubham_491,15.344364733847494
vruttant1403,16.58086638604624
pict_tourist,-1.1060707555135314
avinashkartik,-79.40445921537344
aarushbarwar,14.453484877790109
procolonel,16.522433980664744
ahaan_001,4.615319089798231
abhi_kharpal,-0.5090717302812913
hijibijee,1.3642043811629814
chandu_879,20.250121725753786
harsh_malvi67,17.115302213995587
jiraiya_777,1.303384345590147
godly_display,15.753640963465035
ankit_907,14.735003368156875
zenesis,-1.7788883256951915
rakesh1180,-13.479512353924756
shikhasingh21,1.3757733087344015
bu_hridoy,17.604569538578954
raghuraman2000,-8.149507217123606
zn_sourav,-15.522577560216606
megasonic,15.677843248673735
kush_cse,3.6045904600542453
srijan_de,9.310245540166022
arkobanerjee,-2.0298855680100445
jarosh,15.57778457412779
turing_fan,-14.774680926840782
aman_15130,-11.999575593175612
aman_5311,15.866081612696114
kid_kb,5.429718741842914
dope_dependent,10.803165244443877
sreshth01,-23.310722464300465
mod_07,9.01637336643378
hsiam261,-7.155055180299781
ritikagarwal47,16.608038552393083
prshnt19,14.351372610723812
ashishranjan27,11.758601228668782
cipher_codiac8,16.52768980950811
ankit_0905,10.594641552248332
ritulanand,15.661725051651617
roshan_mehta,-40.273804634843586
insnitish,-0.7926155722733655
subhamlfc,-15.404641842009474
khssupriya,-13.135451004622873
yash523,13.407372515447953
baap_coder17,13.58155873728393
ankit_26501,0.8680598488196006
tds115,-64.75906977214399
pazene,8.414160483986448
b1n4ry_n1nj4,11.006432449076668
aadee,2.2106951199008
smit37_mist,8.352712142273402
uuzumakinaruto,4.539469674427566
gopalagg,12.839506766204321
dead_pool2001,0.34987180404834306
retarded_ape,6.684222815390736
kushu12,2.7887466976471895
chinmay0402,-12.039653468590108
harikrishna_n,7.708391628540553
ankit0038,12.166455404385587
khacha,14.72627330686211
praty_u_s_h,-4.288365551420603
mosharraf009,-19.384228106783283
nishchay17,-43.91671608368235
the_be_ginner,6.174045680691976
quotennial,10.736972962733212
nakul_1819,13.234338643457844
shlokg329,-17.68233402725602
vladik,-70.01500543457755
raj_sahu123,-13.95026079990791
saksham_2001,14.41220749001097
s17_190031868,-52.11263473696196
im__skp,12.50112574691225
avinash_2212,5.587821711362869
oraatyaan,-6.303655987671742
abhiswaspatil,14.183713596494135
raun1codechef3,-64.01276991911192
lit2018013,-19.368704250877233
sahil84620,-14.709407462009226
pllk,-62.69251556470579
brayand,-53.38869712367218
d1abl3,-25.39546982199984
pratiksbhati,-4.954325875476704
bitagi97,-21.83846499208937
arihant_kr,6.719624800167613
zappelectro,-27.902979789823444
jwalin,-9.52141582073848
keshav_7,-0.7982586771549847
white_horsemen,3.787725977726032
ronkar,-31.950088161663444
gkundu123,9.349609937297336
monishraaj,0.6883454036379811
hackerninja,-27.36618758240311
soumik43,6.909840052149549
harshgarg_32,12.311336440999362
havibo17,-32.15115431325152
dristiron03,-60.81187065283511
apnaakshay,5.532502752709387
jaykarma2419,-14.275877916109115
codingisez,-21.78528745477175
fujisaki,-81.32570330742507
sonya123,-17.77531080240095
plosique,-56.05282420409687
huzefa_j,-15.967036045261176
dhanireddy,-11.58344586488445
vmehra,5.707975011820961
mswadhin,-8.419350419151533
pvr2114,2.841286262923781
sethhritik,-3.650890899104448
cp_2020,7.026417807624781
unstoppable22,-34.18110800070766
flying_ant,7.27153195382709
nipungoel11,8.440632556376492
paras128,-53.66260060229543
amanyadav007,-31.5676098668614
scopeinfinity,-82.3607148471983
mahipalkeizer,-1.7803277408614073
jitendraj10099,0.9335261265082206
vishu_2908,-10.74651100884847
theuntamable,-27.497902882963263
vivekuchiha,-53.4222455335738
system_hacked,-26.216355259434607
niraj651999,7.0901021495775405
vishu12141995,-19.212540285921794
imkattapa,-21.668464958424813
iman_12,-12.858266684875922
debman,-8.496663880053383
krm24,-23.807559997694863
bthero,-134.35565591162384
coolbehava1234,-8.283449144892371
kumaranoop900,-41.17297625921856
harsh2511,-83.59530175909254
arushi309,-41.54120696440061
far_from_tle,-4.576393213424147
narayanrpai,-6.310018157405932
rohit448,7.767450069686186
jenishmonpara,-5.690581461077396
catastrophic25,-38.626542424279435
dreamoon4,-62.61002869210848
w_a_l_l_e,-46.451671235463415
rishav_iitkgp,-48.67692140853886
titu_sonu,-29.061536525257306
strtoker,-1.1449875638873663
wangziji,1.010782856392806
tanya_singhal,-25.024261828043365
gugupa,-37.3800445846229
fiction1729,-104.89108954325499
msasanksai,2.8993945536601493
shivy08,-20.553977567037794
vshlparmar4,4.196442982757323
radhika_bajaj,1.096287702770225
moririn2528,-74.56978740454423
dtc03012,-22.41522970684722
krinal214,-12.576909084445251
utkarsh__18,-16.328615775381397
hrithik_hs,-21.0682898562331
bvaleriano,2.3828341723899684
shivank86,-6.146881005886564
fpeterfalvi,-135.81671571467913
l_returns,-140.19932428463989
krunal9220,4.262899003984058
satyacoder,-12.058585844116683
sravan_chandra,-22.488972205509196
ashu_8497,-3.258148697365753
shouryap,-0.40676476020237695
rest_in_piece,-62.29907342387792
skit_kahu,-30.550878197085005
shanayamnnit,-23.109339133250593
prajwal7868,-27.857970791373614
a0n0k0i0t,-1.6309774179316994
budalnik,-146.1262282690854
shiva_6_3,4.810674528968226
aryan57,-22.10288795865344
shantanu_1118,1.351565792945595
gvr_kartik1,-19.10426330414303
karanaggarwal,-9.110494719619581
khalid545,-5.683651614845444
shoryak,-25.977965607673816
kassutta,-69.0602465437929
yashsharma115,-25.329526242288498
rishabh1994,-6.998394516474601
dr_virus_,0.5363917429565578
kd2608,3.133718688098059
lanukk,-8.193595916767125
magentacobra,-47.895495997195084
mech_k_papa,-16.846172331481498
arpan4775,-19.766798317276947
relaxxpls,-3.1693174581836003
anodaram,-37.58095606050985
shashwatchandr,-60.41730125880894
iam_ironman,-75.16483323701682
souravtecken,-18.146602798354206
aryabhat,-10.850478880857999
ammmy_758000,-2.4620792526265025
vishwa_9991,-10.560105652948865
tourist1998,3.2111439735952167
bigdamnhero,-16.059728650392316
anmol_ag,2.8442246712444
vintarel,-28.94295076766499
manas_123agwl,-14.08504351762107
divancode,-30.085345195325697
bhagatdivesh21,-7.464311450573253
anushk24,-8.091715503662408
raghav_1429,-11.312160884224136
shubham0003,-19.000139742494085
vyast,-5.478838141295403
danger_01,-5.649612517633079
vjk1729,-4.785539913736894
aishiitr,-3.920483908817362
harcool,-16.761014587059194
touqeer11,-5.579510337858585
i_code_in_py,-0.6060185803835251
ashraful_jnu,-33.03884447846201
domeanor,-27.120214076023665
mr_jokerr,-4.790778208975034
riya_k09,-15.245166496019948
shaw29,0.24246426148132919
niteshsharma5,-2.5942960763756227
iamsv345,0.6047562391302106
codingbug,-35.923569199202
eskay_38,-14.040055964645298
deeps0510,-2.540916923035714
ajay199903,-17.200368834256363
dhruvkayastha,-15.81384241459955
darkshadow2307,-0.8719379201815137
codecreep,-3.9064929260769543
bleh005,-11.529813863276367
shreerangkchan,-0.7368317559181656
lakshya_jain,-7.667428067381429
ashish_rrs,-9.267642535868443
devanshjsr,-3.300926395195656
georgekp,-26.391389145448166
andreas_a,-4.833884719442607
araj1998,-2.731595182898277
reviveddevil,-12.518566910749476
dr_cooper123,-12.580698167420206
ambrish555,0.9198235253007793
samriddhi18,-1.6685513438628046
accidentalcode,-26.888344829121174
scarlets,-20.92913244412131
ransh,-30.24258129639316
ashishrn29,-51.47474989665445
ishan_0803,-2.4519964853115765
axioma,-16.732231112677283
abhinash_giri,-13.846700324411755
adityak3252,-30.387915265825352
akshat134,-4.325860731110849
mst_saiteja,-17.49782525042213
ikyrre,-11.228433690832654
jinkhazama,-11.435933621563196
shakil17,-16.028636455171878
noobcj,-20.359949817201286
zhengzhenhang,-27.557842314207225
dip_99,-49.92286494115323
anonymous_2299,-8.331085560374172
jeevant,-22.417937052923413
yta1719,-4.954762587016733
raj1307,-57.473332299923065
beyond_edit,-4.63237619715888
apurvrathore,-11.453660583046165
sahilsinghss73,-19.374060789880584
srnarayanaa,-20.47898487024265
ujjwal_p,-11.859189189210014
farzi820,-69.69066552550446
mztb,-32.7495308868618
wrafter3110,-31.366646460150854
adurysk,-20.342663299760357
abhinav_iitb,-2.3155420240971707
nebula_242,-12.980381862881394
kaushal_jalan,-7.114111225090528
julitus,-8.638610049387518
kenechi,-10.367841394413858
sarthakj2099,-20.00749869048505
udayrocks2k8,-9.457159309495303
amrit231999,-18.070687659591123
sheth_smit,-36.296871173510105
smit5300,-10.965491580133067
narut,-25.361415659353657
kid_priya,-109.41183835865888
mayank_sheoran,-21.332622785238957
sai_0_0,-12.157186612023093
chhoti_gold,-41.42754207029929
phoenix_23,-25.43973681276353
notpopular,-7.626864213142002
decode876,-27.501547905944246
godss,-27.609509012499174
rajatjain17,-17.11284129743066
jacob27,-15.59355717999386
puff_puff_pass,-123.31451160751827
aradhya_11,-3.817963974954718
devanshi1234,-17.780684317969605
otutsukihyuuga,-13.456814515728425
viper95,-15.164919275048671
izanbf,-9.674951255595804
vigneshrc,-29.84481584039569
im_priyansh,-5.98427967462656
mukul9897,-16.47085472367871
shashank_2409,-16.74047030747366
sandeep1103,-70.13244129409306
sergio007,-18.732760427029802
kushaana,-9.514928601479246
dharmicksai,-10.224467184153628
Najmuzzaman,-50.3457522989441
aaste123,-3.8333832394845166
practice_12345,-5.690373261704443
macdu,-26.764008418679726
archithadge,-30.05941497269074
ashok1113,-50.07352285665181
aryan12,-32.04333838403249
uomyhhuang,-6.139586051111393
emotiological,-6.13483607758086
cupvis,-6.5543676092391685
rashomon,-28.67060326226162
astroash,-6.287271321771876
mugiwara0852,-27.674776059746872
yoks1729,-38.493206468562136
enkognit5,-95.60322060300439
prolik123,-40.81648767608546
wjli,-68.79892758249085
agadmator,-22.991787640575733
dhl9mat,-20.163063072200902
parikhpv,-12.917431919038139
purohitdhairy6,-18.88467036906343
masteranimax,-45.68605807634441
aashitagrover,-21.3312142473572
i_love_vaani,-25.29958360802127
bakul123,-11.177692379742552
abhinav_jain02,-40.1191203056027
kcalm062,-72.18302836018246
shlokp762,-12.547708215503311
mitsumuto,-78.66155785541503
sudarshanabcd,-10.779855251147106
dalip98,-9.111454890275335
mrkorat,-69.50898174329477
hardik_d,-21.347246116895462
fallacy69,-13.627315441788275
harshil41,-15.969749209086553
hridoy_990,-15.64230368129955
unmesh_kumar,-73.28798395891485
bhashkarjya,-34.13956810755041
kris99hare,-10.248396676238576
architgwl2000,-20.120859845282364
rohit4445,-11.676905881458358
kabirpathak,-19.21978097166073
code_breaker21,-25.800121238647634
mayankg20,-23.245617189053885
vivek_moar,-17.578061379094283
aishik_cs,-8.136747494356907
lone_star,-23.158588039113145
helloworld2018,-25.21642392059293
harshit_3333,-13.673201885784053
kwongweng,-34.6752958497334
sweet_summer,-8.283359984952309
coder_1999,-20.234819741376057
javal0112,-13.12385054470264
kavathiya_143,-19.576302481634063
latus_rectum,-15.355289936188456
animeshamrit,-15.069592558053383
rohitmahor,-49.28405093637006
ishank_kat162,-15.00645788212726
manocha_gautam,-31.318239074730776
rocknraj,-17.63409585342706
typewriter999,-11.197830496723832
ananddubey123,-13.772795160444039
bilzabelzion,-16.820839833934876
anupam_99,-15.563940326947387
shubham_avasth,-139.11223481016484
pratikjain226,-17.892027126571655
bot007,-10.509206634453392
shantanumallik,-10.705770948079705
skarlord,-25.15037670006526
vish_003,-10.115238348777325
kennyackerman,-23.43973106082357
pranay_b200,-23.8665631932199
ragh_coder,-15.199923479483456
rahul1995,-36.423165339466905
shubhankar2000,-14.77400337341814
pr4j,-82.99194260344821
roypalacios,-21.178337291441753
wicardobeth,-20.03250090606491
roxxinator,-44.97287858785769
lucaseri,-46.51961876474616
rishisharma__,-63.17908074500684
jain1898580,-43.078478153808014
avi_19,-14.269455452875194
yolo86,-24.512794733319396
dart_xeyter,-145.40426781519187
anishagarwal20,-15.154577651252916
nagpal,-18.648006876558465
white__walker,-72.19887861819299
anythingforuh,-10.266407277594004
sharepo,-22.692457988268504
gech_guy,-42.47826833872515
slowcoder1,-25.448118030779096
satvik_10,-11.074166847008682
aditya_9660,-17.764259692233257
mann2108,-23.864286046802416
coderchamp7,-13.59908175382973
ahanaf,-20.82062135925709
anupam_flag,-21.57731134795928
garg_1307,-18.05349418802735
r_sudarsanan,-46.52152275614391
artish19,-18.160419427684555
anhnguyen2003,-29.719739037185356
abhikeshri10,-12.685316906087952
kk1506,-32.13061853806747
amnptl,-46.869838454518316
aniketdhole,-21.234212899419664
dmpage,-61.432664753820305
manoj_269,-30.533212310770438
arkesh_7,-93.85112705550758
ritik_baid,-26.86308416069825
pprabh2007,-25.236064861777653
antik_gr,-22.972684008125377
parthchatta11,-12.677294097754604
pradeep3121999,-18.336340359191475
z00m,-77.67484472239082
kk_skycoder1,-32.56462921830744
soni11aman,-16.665625162718545
kushagrasri,-56.281062248646755
i_am_ravi_1,-17.862397341087156
anuraagshankar,-13.480935343565152
vipulks,-24.184333012876554
blair_,-103.0621261138245
harshest2019,-16.976430211195343
sagar_d,-25.280752849326788
regex007,-23.372791089027974
o007,-16.300392036070072
anjani_11,-21.507609073009256
imjugaadu,-14.292263060421218
heisenberg67,-41.951003695282914
kjain333,-20.816059412268068
ankita_bohra,-31.440707170640287
arpan268,-33.62361934518684
nemanjaso2005,-51.256793420493494
notsharwan,-20.013197087430413
anurag_iitr,-72.15448477430097
abhi699,-19.541002917183878
nhphuongltv,-19.70099457034815
lokeshkumartn,-35.713449176424675
coding_panda01,-22.60737607222426
elon_musk10,-15.296760877314355
sumit18cs,-17.93642705400564
addy007,-53.93712039114996
rishi_1001,-39.07813628182816
arnauddesombre,-26.10675394618467
alankritrocks,-16.043197313433076
rares96cheseli,-29.389019021009414
shreyasshetty7,-18.312592989267998
sairamana73,-20.744683489983345
saikrishna1681,-32.34384831779306
err0r_pj,-14.340331152599425
bhushan717,-16.45229399281867
tanishq2000,-15.457433982296315
i_code78,-13.714668831594437
sanskar_ag,-14.592705690664372
y__y,-109.59185641847392
navi_markeloff,-66.51703902918597
mayank_146,-15.953266609181217
zura,-17.644112751996587
vijay600,-24.000758158337476
shubham_ag15,-31.612397508511567
shubham_169,-27.568621593240707
adarsh_sinhg,-27.79204359496735
megyeri99,-27.584214544645864
mohitk15,-40.27754552943575
nb1993,-23.20697359080136
dinesh_12345,-138.36423632935262
n1colai,-35.746999352644686
julmi363,-32.397293150720174
yash224a,-86.41040001559433
sk_07,-36.639924370121584
longcontestcc,-53.31053204082826
saty16319,-62.88147821212972
circle_sahil,-33.54277957915965
kevinwan,-144.65245775729647
keshav_b22,-16.46312031018228
sourabhbadhya,-23.637829349787538
chandu_2000,-23.932044752439886
knayan,-62.81749208104504
yash_yash,-27.619671783106828
mallick630,-29.72209179860025
rahul9707,-18.238041440127702
i_am_ironman,-66.60032784793154
sergio10barca,-21.764846217539805
mrfire15,-19.329090690375242
chirag8cd,-35.457790775122504
asalwayzzz,-21.84610059626904
gaurav_2402,-16.275809871968658
mj_13,-40.312470344504575
lex_luthor,-17.736984187956438
itsme29,-18.157658710232642
tejas01101001,-113.17577822218955
fuu99,-29.347195681504797
edge555,-18.282929584135413
coder_harshad,-37.970932128629414
nawab24,-19.162731068657077
tejastark_06,-33.5762944445555
makj7,-22.0298373257218
petro1488,-106.8124330730716
saurabh59373,-37.327209840777826
dark_fls,-24.989228338316117
irina,-145.20739064856713
nownowk,-38.77443448788288
ckant_787,-23.14412777108875
sreyansb,-31.212302352576177
aj125,-64.75394168718377
kou007,-75.86848028586283
shashi_23,-30.80078032388873
kapil__,-23.57918326620792
khyati12,-40.90103166191179
bash__harris,-22.735046623352016
dsnav,-25.211030113715783
kyamat_ka_keda,-35.24370734982632
sumitdahiya619,-34.768619527863294
revanth9,-48.23448249065637
defalt_,-17.448353592308088
vindicate_code,-18.313897992873496
agarwalvishu63,-42.61703418080416
gandalf956,-39.299966153604544
roshani_98,-39.45518270526114
subhendu1999,-24.170577910971602
ronak016,-24.026617795827935
krishna_0_9,-27.17628573614239
szentep,-63.870574039404794
cuiaoxiang,-76.49073111205642
debanujnayak,-23.078400365243695
bald_eagle,-34.68700172679478
cloud_007,-25.114081436899777
karad_1818,-45.492908875338536
praveshj12,-38.946451929119135
suvrat58,-39.166198750357566
thephenom,-25.877349093884938
ffflash,-27.69613007734832
sarso789,-19.399022610475793
xianx,-22.054619487638945
rishav2998,-42.421276704351655
rasesh2508,-21.346628504641174
gourav_123_5,-30.05771784366317
king_saurabh,-36.98639944673084
abhi_18101999,-27.02451358189848
rohan0001,-21.90148944842136
aryanpandeya,-23.660166836346573
mnishant,-21.62484848089125
vsk_123,-59.46941729540354
ignitedknight,-36.565682613406814
ap05,-26.276274518648357
leo_n_idch,-26.2852143386008
param_aryan,-91.02884122253451
majik,-41.676857213131306
bhubhanshu,-34.936869723590476
helloworld1729,-22.626766454411882
szaveri,-39.93738373066225
yoyomarco,-22.289825032820847
akshitm16,-68.45591257701598
samy1234,-1.1121948493330625
adyyyy,-29.19037825522115
raban,-28.880862882138757
harshkhanna,-34.80713908952814
chiragag54,-24.820815344488583
rituraj_jain,-29.743636464440744
gaurav_itachi,-45.525343117976846
stevens,-116.0100656751335
djthecoder,-24.920301458438633
g0uravlathwal,-56.598389720506354